"videoId","commentId","parentId","author","text","likeCount","publishedAt","updatedAt","viewerRating","canRate","reply"
"qIopJqbzXl0","UgwVSxwqSS0epHAfyIJ4AaABAg",NA,"@konate726","Great speech, thanks for enlightening us üéâ: we saw the results of your honeymoon üòÑ",4,"2024-11-19T17:54:17Z","2024-11-19T17:54:17Z","none",TRUE,FALSE
"qIopJqbzXl0","UgyUHS0DGDt6x3yP64N4AaABAg",NA,"@SwaathiDevaraj","Absolutely loved this speech! You brought in such a fresh perspective, especially with the references to Switzerland‚Äîsuch a brilliant addition! üá®üá≠ The insights on Race and its impact on marketing were spot on and super thought-provoking. This talk really gave me some great takeaways to think about moving forward. Amazing job, super inspiring! üëèüëèüëè",4,"2024-11-19T18:41:47Z","2024-11-19T18:41:47Z","none",TRUE,FALSE
"qIopJqbzXl0","UgzuOiLCeRxKx_RgtmZ4AaABAg",NA,"@kunaldevshukla","Amazing perspective and very well articulated..",3,"2024-11-19T18:45:27Z","2024-11-19T18:45:27Z","none",TRUE,FALSE
"qIopJqbzXl0","UgxPBxnenHFctlOdLZR4AaABAg",NA,"@deva_anonymous","Such a wonderful speech Ram . Genuinely loved it üéâ‚ù§Ô∏è It was very insightful and definitely makes us think about the choices we make !! The kind of motivation everyone needs to ponder upon !!",3,"2024-11-19T18:50:44Z","2024-11-19T18:50:44Z","none",TRUE,FALSE
"qIopJqbzXl0","Ugxd0YtMPDM_wiMWAJJ4AaABAg",NA,"@rase-n3y","Wow, what an incredible speech! it really added depth and made everything even more relatable. üá®üá≠ The discussion around Race in marketing was so powerful and thought-provoking; you've given us all so much to reflect on. Truly an outstanding presentation, thank you for sharing your wisdom with us!",5,"2024-11-19T18:53:17Z","2024-11-19T18:53:17Z","none",TRUE,FALSE
"qIopJqbzXl0","Ugw_lVAtp6hIFMI554d4AaABAg",NA,"@Tharun_TD","This is incredible! üòç I‚Äôm so proud of you for speaking at TEDx! üôåIt's amazing to see you share your knowledge on such a huge stage! üåü Keep doing awesome things‚Äîcouldn‚Äôt be prouder! üëèüé§‚ú®"", Not a lot of teenagers get to hear something like this! Amazing!üôåüôå",8,"2024-11-19T18:55:50Z","2024-11-19T18:55:50Z","none",TRUE,FALSE
"qIopJqbzXl0","Ugw5Mis160rZE5Gdowp4AaABAg",NA,"@kamalaranidevaraj9175","Inspired by your speech and interesting too, love the way you elaborate it in an insightful way, totally loved it",4,"2024-11-19T19:02:19Z","2024-11-19T19:02:19Z","none",TRUE,FALSE
"qIopJqbzXl0","Ugwb_urON2_1ETbwvC54AaABAg",NA,"@saladmeat2744","Such an amazing talk by Ramkumar Sethuramalingam! üôå The way he breaks down the role of AI in marketing and the psychology behind consumer decisions is so eye-opening. ü§ñ‚ú® It‚Äôs not every day you get to hear from someone with such vast experience and knowledge, and self-introspection. Definitely learned a lot from this.",4,"2024-11-19T19:09:50Z","2024-11-19T19:09:50Z","none",TRUE,FALSE
"qIopJqbzXl0","Ugwbej-MtoMytwLB05p4AaABAg",NA,"@biggbrain7817","Its really amazing that you shared your personal story Mr. Ram Kumarüòç , i find this really inspiring and motivative üôåüôåüôå",4,"2024-11-19T19:13:37Z","2024-11-19T19:13:37Z","none",TRUE,FALSE
NA,"Ugwbej-MtoMytwLB05p4AaABAg.AB1c7qhokw7AB1cDj3U_D1","Ugwbej-MtoMytwLB05p4AaABAg","@ramcaliber","Thankyou :)",1,"2024-11-19T19:14:25Z","2024-11-19T19:14:25Z","none",TRUE,TRUE
"qIopJqbzXl0","UgzFsA_Tn_1swSRdnzx4AaABAg",NA,"@sangeethasethuramalingam3729","Wow, this talk was incredible, Ramkumar! üôå Your insights into AI in marketing and the psychology behind consumer behavior were so eye-opening. ü§ñ‚ú® It's amazing to see someone with your level of expertise sharing such valuable knowledge on a platform like TEDx. I‚Äôm sure this will inspire so many people!",4,"2024-11-19T19:15:36Z","2024-11-19T19:15:36Z","none",TRUE,FALSE
"qIopJqbzXl0","Ugw9yqI_nZdMGUukC_54AaABAg",NA,"@jakobbraun6193","Congratulations on this speech. It has everything a convincing talk needs. Thanks for sharing your experience, thought provoking questions and for making laugh. Can‚Äôt wait for your next one ‚ú®ü´Ç",4,"2024-11-19T19:45:42Z","2024-11-19T19:45:42Z","none",TRUE,FALSE
"qIopJqbzXl0","UgyM8HhzGl7rlRcR6tR4AaABAg",NA,"@maniansundar5609","Excellent topic, very well articulated with personal experiences! Shoutout to you, bro!",4,"2024-11-19T19:55:09Z","2024-11-19T19:58:15Z","none",TRUE,FALSE
"qIopJqbzXl0","Ugywbmwp8SkppYirsqN4AaABAg",NA,"@gourig450","Such an inspiring and motivating speech Ram üëèüèºüëèüèºüëèüèºüëèüèº. Please keep it up .",3,"2024-11-19T20:10:15Z","2024-11-19T20:10:15Z","none",TRUE,FALSE
"qIopJqbzXl0","Ugxq6SXd-vVPrIzEeWd4AaABAg",NA,"@innabahlay1997","Ram, what an insightful and at the same time humorous speech on an extremely relevant subject these days. I am currently in the situation where I as future mom am considered a big money bag that can be targeted and manipulated by the marketing AI easily! I will follow your RACE rules and try to protect my choices üí™",2,"2024-11-19T20:17:34Z","2024-11-19T20:17:34Z","none",TRUE,FALSE
"qIopJqbzXl0","UgyK6lHSMzBCN9NX6854AaABAg",NA,"@rameshgajjala9349","Wonderful Ram",4,"2024-11-19T20:41:14Z","2024-11-19T20:41:14Z","none",TRUE,FALSE
"qIopJqbzXl0","UgxxUre4a9XnPljMTlN4AaABAg",NA,"@vinayakp9201","All the German gods are on vacation in Switzerland! For beauty and low taxesüòÇ",4,"2024-11-19T20:41:37Z","2024-11-19T20:41:37Z","none",TRUE,FALSE
"qIopJqbzXl0","Ugw-jxXTjZsPVtTFzkp4AaABAg",NA,"@wjchen9157","Great talk Ram! Congratulations üéâ I really like your example of getting a pair of shoes. Now I will check all my devices. üòÇ Thanks for sharing!",4,"2024-11-19T21:21:54Z","2024-11-19T21:21:54Z","none",TRUE,FALSE
"qIopJqbzXl0","UgzRBvP5PaKgQ6m8f_t4AaABAg",NA,"@latifawarrelmann4798","What a great sprach! Thank you for the insights.üéâ",4,"2024-11-19T21:32:53Z","2024-11-19T21:32:53Z","none",TRUE,FALSE
"qIopJqbzXl0","UgxQnfmeiV3YVwxVqWl4AaABAg",NA,"@johannagonzalez4183","Very nice and interesting talk. You might feel manipulated by the system. It‚Äôs good to be conscious of your choices üòä‚Ä¶Congrats üëèüëèüëè",4,"2024-11-19T21:49:35Z","2024-11-19T21:49:35Z","none",TRUE,FALSE
"qIopJqbzXl0","UgzCYMfRq91t3GiBC8t4AaABAg",NA,"@robertaaceska8646","Absolutely brilliant, Ram! Your talk was so inspiring and incredibly informative - loved how you seamlessly blended personal stories with powerful insights on marketing AI. Your passion and creativity truly shine through. Amazing work! üëè‚≠êÔ∏è‚ú®üôåüéâüéäüíØ",4,"2024-11-19T22:06:35Z","2024-11-19T22:07:12Z","none",TRUE,FALSE
"qIopJqbzXl0","Ugw5xqXpUIZXmJII58t4AaABAg",NA,"@dlinkmusic671","An excellent talk that really stood out! The insights into AI marketing were not only informative but also presented in a way that kept me hooked throughout. It‚Äôs always great to learn from someone with such clarity and perspective! üôåüëè",4,"2024-11-19T22:15:35Z","2024-11-19T22:15:35Z","none",TRUE,FALSE
"qIopJqbzXl0","Ugx5VnETOpdpCDD2KVx4AaABAg",NA,"@saravananamudha6522","Congratulations üéâüéâWonderful speech ‚ù§",5,"2024-11-20T01:36:15Z","2024-11-20T01:36:15Z","none",TRUE,FALSE
"qIopJqbzXl0","UgzEhUHVlfbZ22fgcGd4AaABAg",NA,"@ekedar2796","Your deep knowledge of AI and its applications in marketing really came through. It's clear that you have a great understanding of both the technical aspects and practical implications.",4,"2024-11-20T03:24:36Z","2024-11-20T03:24:36Z","none",TRUE,FALSE
"qIopJqbzXl0","UgzwT4fuqEZ9dT20BXJ4AaABAg",NA,"@Oktay-ez5dt","congratulations for the great talk. Interesting insights!",4,"2024-11-20T09:06:21Z","2024-11-20T09:06:21Z","none",TRUE,FALSE
"qIopJqbzXl0","Ugym9FL8w7XJC5_bw0d4AaABAg",NA,"@christinajesu8714","What a clarity in speech that's understandable even for a common man. Wonderful talk üëè keep going",5,"2024-11-20T13:54:13Z","2024-11-20T13:54:13Z","none",TRUE,FALSE
"qIopJqbzXl0","UgyosJXScij9l-B2kmV4AaABAg",NA,"@benqsebi","Congrats, Ram! Your TED Talk was fantastic‚ÄîAI ethics and storytelling in marketing? You absolutely nailed it! With your blend of psychology, AI magic, and 18 years of expertise, you had us hooked. Keep owning the stage and reminding us to ask the big question before hitting ‚Äúbuy‚Äù: Do I really need this? Brilliant stuff!",4,"2024-11-20T14:58:38Z","2024-11-20T14:58:38Z","none",TRUE,FALSE
"qIopJqbzXl0","Ugx2VtGEAWzQLeWYQst4AaABAg",NA,"@rajeshkumarsakrivijay2880","Excellent talk Ram. Relevant topic in today‚Äôs AI world. Father‚Äôs wisdom ‚ÄòI like the iPad, but do not need it.‚Äô",5,"2024-11-20T16:53:19Z","2024-11-20T16:53:19Z","none",TRUE,FALSE
"qIopJqbzXl0","UgzWd407oeaxIaHPFsl4AaABAg",NA,"@sdevaraj8361","A big applause to you Ram for delivering an informative speech highlighting the menace of AI.",4,"2024-11-20T18:07:47Z","2024-11-20T18:07:47Z","none",TRUE,FALSE
"qIopJqbzXl0","Ugyx5feZ4jLCZFzT6SZ4AaABAg",NA,"@martinajesu7073","That's an interesting talk and a real eye opener....liked the way that you made anyone connect with your speech...hearty congratulations üéâ",5,"2024-11-20T18:15:14Z","2024-11-20T18:15:14Z","none",TRUE,FALSE
"qIopJqbzXl0","UgzmvvhK5bTEDQ9o8ut4AaABAg",NA,"@breathewithnicole","Amazing talk! So proud of you!üëèüèΩ",4,"2024-11-21T06:40:33Z","2024-11-21T06:40:33Z","none",TRUE,FALSE
"qIopJqbzXl0","Ugz6U2hGcDFR0mRWGk14AaABAg",NA,"@NoobFella86","Wonderful talk! Congratulations on being a TedX speaker",5,"2024-11-21T07:28:37Z","2024-11-21T07:28:37Z","none",TRUE,FALSE
"qIopJqbzXl0","UgzOox1bKFjV3IIyCZZ4AaABAg",NA,"@agarwalsaurav11","Very nicely presented with personal touch to keep the audience at the edge of their seat !!",4,"2024-11-21T08:27:15Z","2024-11-21T08:27:15Z","none",TRUE,FALSE
"qIopJqbzXl0","UgxHpZUwv7HGvhUJiiJ4AaABAg",NA,"@ykas25","Bro!! Just Loved it!! Its utmost important to take Control of self and our decisioning power...than being a Puppet to the AI Influencers üëåüèºüëåüèºüëçüèºüëçüèºüëèüèºüëèüèº",6,"2024-11-21T12:40:45Z","2024-11-21T12:40:58Z","none",TRUE,FALSE
"qIopJqbzXl0","UgzYgdAtHWFJwx0QVAd4AaABAg",NA,"@aravindprasad3524","Excellent ram. Loved it",4,"2024-11-21T14:49:26Z","2024-11-21T14:49:26Z","none",TRUE,FALSE
"qIopJqbzXl0","UgyGz9xUmo6sYDfZ89l4AaABAg",NA,"@supermike56","Wow Ram! Such an amazing speech, many insights which makes us more aware in our daily life!",5,"2024-11-22T00:31:54Z","2024-11-22T00:31:54Z","none",TRUE,FALSE
"qIopJqbzXl0","UgyJlo0uYZkBSbuZPk94AaABAg",NA,"@bipingeorge3138","Congrats Ram, this is indeed on a different level. A big achievement and a major milestone ... Way to go",5,"2024-11-22T01:37:49Z","2024-11-22T01:37:49Z","none",TRUE,FALSE
"qIopJqbzXl0","UgyA2pEo0Kz2SUTHr5J4AaABAg",NA,"@ChinnathaiSethuramalingam","It was a great talküëå",4,"2024-11-24T12:34:06Z","2024-11-24T12:34:06Z","none",TRUE,FALSE
"qIopJqbzXl0","UgwDdqzmhBeHL_Tc12J4AaABAg",NA,"@ushpradeep","Wonderful pitch Ram. You have a great stage dominance and the power to grab the attention for a long period of time. Your pitch is eye opening on the choices we make on a day to day basis and also gives a solution on how to protect our choices. Very well done. Congratulations.",5,"2024-11-24T17:31:36Z","2024-11-24T17:31:36Z","none",TRUE,FALSE
"qIopJqbzXl0","Ugwhtu-YBvVop2idHIF4AaABAg",NA,"@friederikegalland988","I really enjoyed watching this.",4,"2024-11-26T04:11:29Z","2024-11-26T04:11:29Z","none",TRUE,FALSE
"qIopJqbzXl0","UgyHitUbSMbTJ3n9htB4AaABAg",NA,"@antigravity68","Congratulations Ram, you not only picked a super important topic around Ethical AI ‚Äì you also presented in a very professional manner. It is very visible, that you are enjoying the stage while being recorded! Your superb and very likeable presence makes it fun watching you. Keep investing into this talent of yours!",5,"2024-11-27T10:44:59Z","2024-11-27T10:44:59Z","none",TRUE,FALSE
"qIopJqbzXl0","UgxMnSQGjYjFuKlq4Kx4AaABAg",NA,"@anithasekar3409","Very good messageüëå",2,"2024-11-28T03:38:22Z","2024-11-28T03:38:22Z","none",TRUE,FALSE
"qIopJqbzXl0","Ugzptdpr6Y_yFI_7hSh4AaABAg",NA,"@geethagopalakrishnan5217","Superb Ram wonderful and motivating speech . Please keep it up üëèüèºüëèüèºüëèüèºüëèüèº",2,"2024-11-29T11:05:22Z","2024-11-29T11:05:22Z","none",TRUE,FALSE
"qIopJqbzXl0","UgyZC_j6POPBy2i2oKl4AaABAg",NA,"@alfredwu8537","awesome pitch with a limbic opening of Choices... and link it to the Marketing AI topic.",3,"2024-12-01T11:13:44Z","2024-12-01T11:13:44Z","none",TRUE,FALSE
NA,"Ugzptdpr6Y_yFI_7hSh4AaABAg.ABQVCWvrfF2ABWVXgmZLnW","Ugzptdpr6Y_yFI_7hSh4AaABAg","@ramcaliber","Thanks a lot @geethagopalakrishnan5217 for those kind words !",0,"2024-12-01T19:03:42Z","2024-12-01T19:03:42Z","none",TRUE,TRUE
"qIopJqbzXl0","UgwMGiYOP4oXJt3OYAh4AaABAg",NA,"@vedantkumar-y6l","Fantastic talk, Great insights on Marketing & AI along with a nice message to protect our choices!",3,"2024-12-01T20:06:30Z","2024-12-01T20:06:30Z","none",TRUE,FALSE
"qIopJqbzXl0","UgxUdb_4p56Nql6E3Rd4AaABAg",NA,"@peakogi","That is a wonderful message. Great work Ram.",4,"2024-12-02T09:31:19Z","2024-12-02T09:31:19Z","none",TRUE,FALSE
"qIopJqbzXl0","UgyADXNncVcm6XZ8scN4AaABAg",NA,"@iyyappadevaraj3387","This is a perfect pitch ! Much needed awareness for the current generation in terms of their spending maturity . Difference between necessity and luxury couldn't be better explained than this . Kudos to you !",3,"2024-12-02T10:34:32Z","2024-12-02T10:34:32Z","none",TRUE,FALSE
"qIopJqbzXl0","Ugz05vxNiTcsGtokfpx4AaABAg",NA,"@StrictlyTrips","Awesome speech .. Millennials and Gen z kids have changed the way they handle their finances and easily get influenced by online marketing . Its high time , people realise the importance of their choices that are necessary",4,"2024-12-02T10:37:32Z","2024-12-02T10:37:32Z","none",TRUE,FALSE
"qIopJqbzXl0","UgyVP_6VV799OjVsLwZ4AaABAg",NA,"@MJeswanth","This talk is truly insightful and inspiring! Ram did an excellent job breaking down complex marketing AI concepts into understandable bits. It's clear that the future of marketing is being shaped right before our eyes",2,"2024-12-02T13:19:03Z","2024-12-02T13:19:03Z","none",TRUE,FALSE
"qIopJqbzXl0","UgyuS0rIvMaiP6l50HB4AaABAg",NA,"@TukTukTimes","This presentation was incredibly thought-provoking and motivating! Ram did an outstanding job simplifying complex AI marketing concepts into easy-to-digest insights. It's evident that the future of marketing is unfolding right in front of us.",2,"2024-12-02T13:20:19Z","2024-12-02T13:20:19Z","none",TRUE,FALSE
"qIopJqbzXl0","UgyIwr-4nIXucY0uYAl4AaABAg",NA,"@oanastan4602","Very good educational bit on how AI can help, but also how we can set the limits. Good reminder on data privacy. Coincidentally, I had switched off a few settings for targeted ads on Instagram and Facebook so they don't have access to so much of my data, and now I cannot scroll past 3 posts without waiting on an irrelevant ad pushed on my screen. Like they're some vengeful whiny exes. üòÇ",3,"2024-12-02T15:22:03Z","2024-12-02T15:22:03Z","none",TRUE,FALSE
"qIopJqbzXl0","UgxambqZWL_D1Zil6Jp4AaABAg",NA,"@RaniDeva-b4j","Awesome talk . You presented it so good with apt examples in layman terms !!",3,"2024-12-03T05:58:41Z","2024-12-03T05:58:41Z","none",TRUE,FALSE
"qIopJqbzXl0","UgyGhZJEUY1XTpi6-g54AaABAg",NA,"@ShanmugamR-c6n","Superb speech Ram !! Very impactful and delivery was on spot . Being a common man it was so clear for my understanding! Much needed topic",3,"2024-12-03T06:06:10Z","2024-12-03T06:06:10Z","none",TRUE,FALSE
"qIopJqbzXl0","UgxGX5m3og8VX9JEZAx4AaABAg",NA,"@NilaniAmaran","Excellent pitch . A topic with a mandatory awareness that everyone should actually possess",3,"2024-12-03T06:11:14Z","2024-12-03T06:11:14Z","none",TRUE,FALSE
"qIopJqbzXl0","UgxknjpI9XFPS4xISSV4AaABAg",NA,"@AadhavanLingam","Starting with the Nutella reference was a great move to attract the viewers especially me !! Good speech Ram",3,"2024-12-03T06:20:58Z","2024-12-03T06:20:58Z","none",TRUE,FALSE
"qIopJqbzXl0","Ugw1MZ9JH0ofPDkzH2Z4AaABAg",NA,"@ArthurJames-w7t","Wonderful speech!!! Thanks a lot for choosing this topic",3,"2024-12-03T06:51:11Z","2024-12-03T06:51:11Z","none",TRUE,FALSE
"qIopJqbzXl0","UgyOAgi_m_SoLHzkEFF4AaABAg",NA,"@drjanani2783","Good job Ram your talk was informative and interesting. Keep rocking",3,"2024-12-04T10:27:21Z","2024-12-04T10:27:21Z","none",TRUE,FALSE
NA,"UgyOAgi_m_SoLHzkEFF4AaABAg.ABcIpR8KYKFABcZdenj4v4","UgyOAgi_m_SoLHzkEFF4AaABAg","@ramcaliber","Thankyou drjanani2783.",0,"2024-12-04T12:54:17Z","2024-12-04T12:54:17Z","none",TRUE,TRUE
NA,"Ugw1MZ9JH0ofPDkzH2Z4AaABAg.AB_LILH8oPtABcZgNiv7gH","Ugw1MZ9JH0ofPDkzH2Z4AaABAg","@ramcaliber","Thankyou @Arthur James-w7t",0,"2024-12-04T12:54:40Z","2024-12-04T12:54:40Z","none",TRUE,TRUE
NA,"UgyADXNncVcm6XZ8scN4AaABAg.ABYA3HQZ25xABcZsl33Nwd","UgyADXNncVcm6XZ8scN4AaABAg","@ramcaliber","Thankyou @iyyappadevaraj3387 for your extensive and appreciative feedback. I like those words necessity and luxury. Thanks",0,"2024-12-04T12:56:21Z","2024-12-04T12:56:21Z","none",TRUE,TRUE
NA,"UgxMnSQGjYjFuKlq4Kx4AaABAg.ABN7FgmpynxABepwF2Z_k3","UgxMnSQGjYjFuKlq4Kx4AaABAg","@ramcaliber","Thankyou @anithasekar3409",0,"2024-12-05T10:03:51Z","2024-12-05T10:03:51Z","none",TRUE,TRUE
"qIopJqbzXl0","UgwdcVzILbih0UMy75t4AaABAg",NA,"@TheJadu420","Ram's TEDx talk was so good, more like TedX Masterpiece! I'm starting to think I'm friends with the next big thinker. Seriously, well done!üéâüëå",1,"2024-12-07T11:37:08Z","2024-12-07T11:37:08Z","none",TRUE,FALSE
"qIopJqbzXl0","Ugw5VOq7xTI6D2lIEfV4AaABAg",NA,"@ganeshkumar1273","Well done! Great effort. Family proud of you!",2,"2024-12-09T05:02:36Z","2024-12-09T05:02:36Z","none",TRUE,FALSE
NA,"UgwdcVzILbih0UMy75t4AaABAg.ABk9CE589xTABp1fPyDOTr","UgwdcVzILbih0UMy75t4AaABAg","@ramcaliber","Wow, thank you so much for your incredibly kind words! Your message truly made my day‚Äîit means a lot coming from a friend like you!",0,"2024-12-09T09:07:34Z","2024-12-09T09:07:34Z","none",TRUE,TRUE
NA,"Ugw5VOq7xTI6D2lIEfV4AaABAg.ABoadIGEl3GABp1lCD4qBc","Ugw5VOq7xTI6D2lIEfV4AaABAg","@ramcaliber","@ganeshkumar1273 Thank you so much for your kind words! It means the world to have my family‚Äôs support and pride‚Äîit truly keeps me motivated. Grateful for all the encouragement along the way!",0,"2024-12-09T09:08:21Z","2024-12-09T09:08:21Z","none",TRUE,TRUE
"qIopJqbzXl0","UgzUkXBjX6kiO482p_F4AaABAg",NA,"@Binish-c3d","Awesome Talk, with a clever Nutella intro and a perfect closing that tied everything together brilliantly! Thankyou for providing a takeaway with Race!",1,"2024-12-10T14:21:42Z","2024-12-10T14:21:42Z","none",TRUE,FALSE
"qIopJqbzXl0","Ugwq7A57qrPXHiVeQGd4AaABAg",NA,"@james-i9w3o","Neat job, Not only did you choose an incredibly important topic on Ethical AI, but you also delivered it with a high level of professionalism. It‚Äôs clear that you were truly enjoying yourself on stage, and your enthusiasm came through in the recording. Your engaging and likable presence made it a pleasure to watch. Keep nurturing this natural talent of yours!",3,"2024-12-10T14:41:53Z","2024-12-10T14:41:53Z","none",TRUE,FALSE
"qIopJqbzXl0","UgzOHtv9qNq9m7uL63d4AaABAg",NA,"@anngreig3107","Great talk, Ram! Important topic ! Very well presented. üëç",1,"2024-12-13T16:04:33Z","2024-12-13T16:04:33Z","none",TRUE,FALSE
"qIopJqbzXl0","Ugw2LpAB1mYnlrRFR3V4AaABAg",NA,"@AConsciousnessAdventure","You seemed really relaxed during the whole talk. And made me smile with the jar of Nutella. And created more awareness about AI marketing. And I am glad that I don't use stuff like Alexa and the likes. But it is still spooky that I search for something I want to buy and the suggestions keep on appearing for such a long time.",1,"2024-12-15T21:28:13Z","2024-12-15T21:28:13Z","none",TRUE,FALSE
"qIopJqbzXl0","UgwdMJd6K5DLQo12G7d4AaABAg",NA,"@TinoEngelTraining","Very well done, Ram! Congratulations on delivering such a talk on such on important topic. Keep going!",1,"2024-12-16T08:43:20Z","2024-12-16T08:43:20Z","none",TRUE,FALSE
"qIopJqbzXl0","UgwVFpp_ZICa6WEwpod4AaABAg",NA,"@IAMLEX_world","Love the talk Ramkumar! Dead on! Congrats my friend.",1,"2024-12-18T13:31:54Z","2024-12-18T13:31:54Z","none",TRUE,FALSE
"qIopJqbzXl0","UgwKYcnRt7LuZEWs67F4AaABAg",NA,"@PatienceChisangaMayer","I have just watched this, and it‚Äôs fantastic! I really enjoyed Ramkumar¬¥s storytelling and how he linked it to the influence of marketing AI on our everyday choices. Key takeaways for me: Marketing AI is both empowering and manipulative. The fact that we make 35,000 choices a day and there are 86,400 seconds in a day really puts things into perspective, showing how easily we can give away our freedom to make choices. PS ‚Äì That statistic about the top 500 brands we choose coming from just 12 companies in the world is mind-blowing!",1,"2024-12-22T09:17:18Z","2024-12-22T09:17:18Z","none",TRUE,FALSE
"qIopJqbzXl0","UgxTDS4D2TjgoT4ipml4AaABAg",NA,"@yojnajain","well done! congrats for an impactful talk",1,"2024-12-27T20:08:54Z","2024-12-27T20:08:54Z","none",TRUE,FALSE
"qIopJqbzXl0","UgwHJLMoYCFA9HGS0W94AaABAg",NA,"@vugarazizov7977","Great talk. Hearing about the ever eluding privacy of ours and its translation to marketing we receive is a great reminder.",1,"2024-12-31T20:05:46Z","2024-12-31T20:05:46Z","none",TRUE,FALSE
"qIopJqbzXl0","Ugzmpt6gAK4-iB5EU4h4AaABAg",NA,"@pramodmastercoach","Nice speech Ram. Insight ful conversion. Good job",1,"2025-01-14T00:24:37Z","2025-01-14T00:24:37Z","none",TRUE,FALSE
"qIopJqbzXl0","UgxmcdK4PKXHKxXwSRp4AaABAg",NA,"@JoeKimball-k2i","Had no idea what was happening at the start but it did make me laugh",1,"2025-07-16T13:39:48Z","2025-07-16T13:39:48Z","none",TRUE,FALSE
"qIopJqbzXl0","UgyjMKDIe0rlejAE9NR4AaABAg",NA,"@AndreaBooth-s2t","35000 choice in a single day is insane",1,"2025-07-16T13:40:23Z","2025-07-16T13:40:23Z","none",TRUE,FALSE
NA,"UgxmcdK4PKXHKxXwSRp4AaABAg.AKdQv21GYm8AKdZmVVygom","UgxmcdK4PKXHKxXwSRp4AaABAg","@ramcaliber","Thankyou , hope it built the suspense ! üòä",1,"2025-07-16T14:57:17Z","2025-07-16T14:57:17Z","none",TRUE,TRUE
NA,"UgyjMKDIe0rlejAE9NR4AaABAg.AKdQzJpSDJiAKdZpt_QO10","UgyjMKDIe0rlejAE9NR4AaABAg","@ramcaliber","True, but it‚Äôs the Reality !",1,"2025-07-16T14:57:44Z","2025-07-16T14:57:44Z","none",TRUE,TRUE
"qIopJqbzXl0","Ugyt24rqCweu_FEIpoh4AaABAg",NA,"@mrfernd_1","I would never ever trust Marketing AI Ramkumar. Excellent talk , thank you",0,"2025-07-17T06:49:54Z","2025-07-17T06:49:54Z","none",TRUE,FALSE
NA,"UgxmcdK4PKXHKxXwSRp4AaABAg.AKdQv21GYm8AKg8e57z0JU","UgxmcdK4PKXHKxXwSRp4AaABAg","@JoeKimball-k2i","@ramcaliberIt definitely did",1,"2025-07-17T14:57:55Z","2025-07-17T14:57:55Z","none",TRUE,TRUE
NA,"UgyjMKDIe0rlejAE9NR4AaABAg.AKdQzJpSDJiAKgCynK0e6t","UgyjMKDIe0rlejAE9NR4AaABAg","@AndreaBooth-s2t","@ramcaliberit is indeed",1,"2025-07-17T15:35:42Z","2025-07-17T15:35:42Z","none",TRUE,TRUE
NA,"Ugyt24rqCweu_FEIpoh4AaABAg.AKfGngsoCaYAKghiVei9vQ","Ugyt24rqCweu_FEIpoh4AaABAg","@ramcaliber","Thankyou! It‚Äôs Not about Trust , it‚Äôs more about your own Will to see an offer, and say - do I really need this",0,"2025-07-17T20:13:06Z","2025-07-17T20:13:06Z","none",TRUE,TRUE
"qIopJqbzXl0","UgyX_uwzPlGDNTlcJMl4AaABAg",NA,"@JessieW1978","I couldn‚Äôt trust it either",0,"2025-07-18T14:57:41Z","2025-07-18T14:57:41Z","none",TRUE,FALSE
"qIopJqbzXl0","UgzAaYv_33MtYWvR5yx4AaABAg",NA,"@SethGuy34","Thanks for giving me a deeper insight to marketing Ai Ramkumar",1,"2025-07-18T14:58:41Z","2025-07-18T14:58:41Z","none",TRUE,FALSE
NA,"UgzAaYv_33MtYWvR5yx4AaABAg.AKiiXW69m7iAKlDBfEMuhe","UgzAaYv_33MtYWvR5yx4AaABAg","@ramcaliber","Thankyou üôè, appreciate it !",1,"2025-07-19T14:13:48Z","2025-07-19T14:13:48Z","none",TRUE,TRUE
NA,"Ugyt24rqCweu_FEIpoh4AaABAg.AKfGngsoCaYAKoIMrpE02g","Ugyt24rqCweu_FEIpoh4AaABAg","@mrfernd_1","@ramcalibergood point and thank you for taking the time to reply. You sir are a fabulous speaker , ps i love Nutella too :-)",0,"2025-07-20T18:56:44Z","2025-07-20T18:56:44Z","none",TRUE,TRUE
"qIopJqbzXl0","UgwhMLrKbd1JUCgD3ih4AaABAg",NA,"@Reddy-r3o","Powerful message ! I‚Äôm not really into these topics BUT i do appreciate great speakers who make the talk more interesting than the topic actually is! Great speaker ! Congratulations",0,"2025-07-20T18:58:22Z","2025-07-20T18:58:22Z","none",TRUE,FALSE
NA,"UgzAaYv_33MtYWvR5yx4AaABAg.AKiiXW69m7iAKqWQGZ_QgZ","UgzAaYv_33MtYWvR5yx4AaABAg","@SethGuy34","‚Å†@ramcaliberNo problem",1,"2025-07-21T15:38:01Z","2025-07-21T15:38:01Z","none",TRUE,TRUE
NA,"UgwhMLrKbd1JUCgD3ih4AaABAg.AKoIYoL0HGFAKskSugu5pV","UgwhMLrKbd1JUCgD3ih4AaABAg","@ramcaliber","Thank you so much , that truly means a lot! I'm glad the message resonated with you, even if the topic isn‚Äôt your usual cup of tea. It‚Äôs always my goal to bring energy and relevance to every conversation. Appreciate the kind words and support!",0,"2025-07-22T12:27:56Z","2025-07-22T12:27:56Z","none",TRUE,TRUE
"qIopJqbzXl0","UgxlccoH9SXpEIQGk-94AaABAg",NA,"@BobbyAbraham-l9w","Be conscious of your choices atleast your dad knew the answer lol",2,"2025-07-24T19:19:52Z","2025-07-24T19:19:52Z","none",TRUE,FALSE
"qIopJqbzXl0","UgxP5vX1UHv_SjaUMXx4AaABAg",NA,"@poddy2000","Haven‚Äôt been good with my money at all since the internet has been pushing this stuff in my face it‚Äôs just so easy",2,"2025-07-24T19:20:34Z","2025-07-24T19:20:34Z","none",TRUE,FALSE
NA,"UgxlccoH9SXpEIQGk-94AaABAg.AKydBhbjCD8AL-5o3PUAkK","UgxlccoH9SXpEIQGk-94AaABAg","@ramcaliber","Yes, Defintely.Dad's Wisdom :Ask before you buy -Do you really need it !",0,"2025-07-25T08:57:53Z","2025-07-25T08:57:53Z","none",TRUE,TRUE
NA,"UgxP5vX1UHv_SjaUMXx4AaABAg.AKydGsauEjeAL-5uxQex_3","UgxP5vX1UHv_SjaUMXx4AaABAg","@ramcaliber","Yes, its tough but awarness even more important",0,"2025-07-25T08:58:49Z","2025-07-25T08:58:49Z","none",TRUE,TRUE
"qIopJqbzXl0","Ugwss0lOmZlniXac-o54AaABAg",NA,"@ElenMalki","Raising awareness to stay away from this stuff is so important thanks for keeping our heads up",1,"2025-07-25T21:15:36Z","2025-07-25T21:15:36Z","none",TRUE,FALSE
"qIopJqbzXl0","UgzZmTdMLKHXFnPgmwJ4AaABAg",NA,"@jaredcon","Making the right choices especially the ones that are right and wrong are improtsnt",1,"2025-07-25T21:16:02Z","2025-07-25T21:16:02Z","none",TRUE,FALSE
"qIopJqbzXl0","UgxzmWagxHPTjJ9RBWJ4AaABAg",NA,"@Aisagarfflive-qk920","If your AI-generated campaign goes viral but alienates your audience, did it actually succeed - enjoyed your talk",0,"2025-07-27T06:31:24Z","2025-07-27T06:31:24Z","none",TRUE,FALSE
"qIopJqbzXl0","UgxaEwXpKGTsJk08YZJ4AaABAg",NA,"@itsvirat15","We shouldn‚Äôt just be asking how AI can sell better‚Äîbut how it can sell more responsibly.",0,"2025-07-27T06:34:22Z","2025-07-27T06:34:22Z","none",TRUE,FALSE
"qIopJqbzXl0","UgyJz8vvZyOBzMU4xs54AaABAg",NA,"@RobertB2","Love the talk Ramkumar also love that name it‚Äôs awesome",1,"2025-07-28T16:35:22Z","2025-07-28T16:35:22Z","none",TRUE,FALSE
"qIopJqbzXl0","UgxA56XxA6tFGojOzLF4AaABAg",NA,"@Elensky2","We shouldn‚Äôt always trust marketing but especially not marketing Ai i‚Äôve seen it everywhere and it‚Äôs horrible",1,"2025-07-28T16:35:56Z","2025-07-28T16:35:56Z","none",TRUE,FALSE
"qIopJqbzXl0","UgwKEd4o-wUlGY99Svd4AaABAg",NA,"@sampsons9","Well done Ramkumar. You sir are an inspiration. Keep shining !",1,"2025-07-28T20:27:06Z","2025-07-28T20:27:06Z","none",TRUE,FALSE
"qIopJqbzXl0","UgzE16L58iQjVlK3pAF4AaABAg",NA,"@Reddy-r3o","Very interesting and informative talk sir. I really enjoyed it. Thought provoking and such a fast changing area !",1,"2025-07-28T20:28:23Z","2025-07-28T20:28:23Z","none",TRUE,FALSE
"qIopJqbzXl0","Ugx-D6asEli9fc5ry-V4AaABAg",NA,"@FrankieOttome","Ai is u predictable and the ads have been ridiculous",1,"2025-07-30T14:09:18Z","2025-07-30T14:09:18Z","none",TRUE,FALSE
"qIopJqbzXl0","UgwNVApdvHcSsMiwPph4AaABAg",NA,"@frazerB22","Really enjoyed the talk Ramkumar you‚Äôre a great speaker dude",1,"2025-07-30T14:10:02Z","2025-07-30T14:10:02Z","none",TRUE,FALSE
NA,"Ugwss0lOmZlniXac-o54AaABAg.AL0QEIxIqyvALENxmpYtSg","Ugwss0lOmZlniXac-o54AaABAg","@ramcaliber","Absolutely!",0,"2025-07-31T07:25:06Z","2025-07-31T07:25:06Z","none",TRUE,TRUE
NA,"UgzZmTdMLKHXFnPgmwJ4AaABAg.AL0QHRacVKVALEO6DCx1t0","UgzZmTdMLKHXFnPgmwJ4AaABAg","@ramcaliber","Thankyou well said, Prioritize your wants based on needs is important !",1,"2025-07-31T07:26:23Z","2025-07-31T07:26:23Z","none",TRUE,TRUE
NA,"UgwNVApdvHcSsMiwPph4AaABAg.ALCXVh1gqeAALOfz43ujag","UgwNVApdvHcSsMiwPph4AaABAg","@ramcaliber","Thankyou!",1,"2025-08-04T07:23:43Z","2025-08-04T07:23:43Z","none",TRUE,TRUE
NA,"Ugwss0lOmZlniXac-o54AaABAg.AL0QEIxIqyvALPYeuanc_2","Ugwss0lOmZlniXac-o54AaABAg","@ElenMalki","@ramcaliberüíØ",0,"2025-08-04T15:30:17Z","2025-08-04T15:30:17Z","none",TRUE,TRUE
NA,"UgxlccoH9SXpEIQGk-94AaABAg.AKydBhbjCD8ALPagE5LcW7","UgxlccoH9SXpEIQGk-94AaABAg","@BobbyAbraham-l9w","@ramcaliberi agree",0,"2025-08-04T15:56:41Z","2025-08-04T15:56:41Z","none",TRUE,TRUE
NA,"UgwNVApdvHcSsMiwPph4AaABAg.ALCXVh1gqeAALPbVqSVLuJ","UgwNVApdvHcSsMiwPph4AaABAg","@frazerB22","@ramcaliberYou‚Äôre welcome",1,"2025-08-04T16:03:52Z","2025-08-04T16:03:52Z","none",TRUE,TRUE
"qIopJqbzXl0","Ugz4Djx2bjdcz-GSwnx4AaABAg",NA,"@adigamerz3586","AI doesn‚Äôt remove the need for human marketers Ramkumar ; it shifts their role‚Äîfrom data analysts to strategic storytellers.",0,"2025-08-06T02:21:20Z","2025-08-06T02:21:20Z","none",TRUE,FALSE
"qIopJqbzXl0","UgyV7th5SbMyNtpsgfR4AaABAg",NA,"@VimleshKumar-tv5t","Imagine a future where your favorite brand anticipates your needs without being invasive. That‚Äôs the sweet spot‚ÄîAI with empathy!",0,"2025-08-06T02:35:21Z","2025-08-06T02:35:21Z","none",TRUE,FALSE
"qIopJqbzXl0","Ugzvo3b7TDUIfvXxLtV4AaABAg",NA,"@mrfernd_1","Amazing talk my man !",0,"2025-08-06T10:47:35Z","2025-08-06T10:47:35Z","none",TRUE,FALSE
"qIopJqbzXl0","UgyiwwTH5bzsRbLztWp4AaABAg",NA,"@RoyJonas55","Had to give this talk a second watch Ramkumar you speak a lot of truth",0,"2025-08-06T16:37:36Z","2025-08-06T16:37:36Z","none",TRUE,FALSE
"qIopJqbzXl0","UgxPhPVW8LuZpQdOThd4AaABAg",NA,"@JoeKimball-k2i","How could you say no to some Nutella though they got you aswell",1,"2025-08-06T16:38:18Z","2025-08-06T16:38:18Z","none",TRUE,FALSE
"qIopJqbzXl0","UgyB3G4eHvZYLbsDkUN4AaABAg",NA,"@AndrewDonald200","Marketing now is becoming so smart and targeted",2,"2025-08-07T17:14:51Z","2025-08-07T17:14:51Z","none",TRUE,FALSE
"qIopJqbzXl0","Ugwj6mkCCesBIex1vIJ4AaABAg",NA,"@freddiechap","Gotta have that dad wisdom!",2,"2025-08-07T17:15:12Z","2025-08-07T17:15:12Z","none",TRUE,FALSE
NA,"UgzZmTdMLKHXFnPgmwJ4AaABAg.AL0QHRacVKVALXe9FuvhQL","UgzZmTdMLKHXFnPgmwJ4AaABAg","@jaredcon","@ramcaliberalways thinking bout what we need",1,"2025-08-07T19:00:55Z","2025-08-07T19:00:55Z","none",TRUE,TRUE
NA,"Ugwj6mkCCesBIex1vIJ4AaABAg.ALXT2rs_mJgALXelOz-ny2","Ugwj6mkCCesBIex1vIJ4AaABAg","@ramcaliber","Yes definetely! Do we really need it",0,"2025-08-07T19:06:16Z","2025-08-07T19:06:16Z","none",TRUE,TRUE
NA,"UgyB3G4eHvZYLbsDkUN4AaABAg.ALXT0LbA5B8ALXer0NQUKL","UgyB3G4eHvZYLbsDkUN4AaABAg","@ramcaliber","Personalization on the go is the Trend !",0,"2025-08-07T19:07:02Z","2025-08-07T19:07:02Z","none",TRUE,TRUE
NA,"UgxPhPVW8LuZpQdOThd4AaABAg.ALUp1i4d2sYALg7Z2ed6US","UgxPhPVW8LuZpQdOThd4AaABAg","@ramcaliber","Yes :)",0,"2025-08-11T11:19:45Z","2025-08-11T11:19:45Z","none",TRUE,TRUE
NA,"UgyiwwTH5bzsRbLztWp4AaABAg.ALUoxdPuYFjALg7bbqf38i","UgyiwwTH5bzsRbLztWp4AaABAg","@ramcaliber","Thankyou for you support !,",0,"2025-08-11T11:20:15Z","2025-08-11T11:20:15Z","none",TRUE,TRUE
"qIopJqbzXl0","Ugww-F7O7R46lXA5i1N4AaABAg",NA,"@swaathidevaraj9446","Watching it again few months Ram, still resonates fresh!",1,"2025-08-21T06:35:51Z","2025-08-21T06:35:51Z","none",TRUE,FALSE
"qIopJqbzXl0","UgzK4cPCmqbjZedBl_J4AaABAg",NA,"@DerrickDyke-z1r","The way he connected psychology with AI-driven marketing really made me think about how much of my buying is subconscious. It‚Äôs a little unsettling but also fascinating.",0,"2025-08-23T06:59:07Z","2025-08-23T06:59:07Z","none",TRUE,FALSE
"qIopJqbzXl0","Ugwqg_6AY4bhPBtv9VR4AaABAg",NA,"@CharlesGuehn","I love how he emphasized ethics because AI without responsibility could easily manipulate people instead of empowering them. That‚Äôs the part we often overlook in tech discussions.",0,"2025-08-23T06:59:08Z","2025-08-23T06:59:08Z","none",TRUE,FALSE
"qIopJqbzXl0","UgzFkAT01i-XWTDYWkd4AaABAg",NA,"@KristyBulter","His breakdown of social proof and scarcity was spot-on. It really shows how AI is just amplifying tactics that already work on us.",0,"2025-08-24T13:30:07Z","2025-08-24T13:30:07Z","none",TRUE,FALSE
"qIopJqbzXl0","UgzYNyzlYU2X82scYyd4AaABAg",NA,"@JeffGuehn","The storytelling aspect stood out to me, it feels so timeless, yet now AI can replicate it at scale. Makes me wonder if we‚Äôll even notice when a machine is pulling at our emotions.",0,"2025-08-24T13:30:12Z","2025-08-24T13:30:12Z","none",TRUE,FALSE
NA,"UgzK4cPCmqbjZedBl_J4AaABAg.AM9ZGbC8PA2AMEwSYnyU7z","UgzK4cPCmqbjZedBl_J4AaABAg","@ramcaliber","Thanks for your insights , yes more on the psychology !",0,"2025-08-25T09:06:40Z","2025-08-25T09:06:40Z","none",TRUE,TRUE
NA,"UgzYNyzlYU2X82scYyd4AaABAg.AMCporWp7kuAMEwkgO0vn4","UgzYNyzlYU2X82scYyd4AaABAg","@ramcaliber","True ‚Äî AI can move us with stories, but the real magic still lies in the human intention behind them.",0,"2025-08-25T09:09:17Z","2025-08-25T09:09:17Z","none",TRUE,TRUE
"qIopJqbzXl0","UgyRV7_6mPYs7ARw4Fd4AaABAg",NA,"@MarkLoman-q3d","The talk makes me question how much of my loyalty to brands is actually real versus engineered. That‚Äôs kind of a scary realization.",0,"2025-08-25T12:44:21Z","2025-08-25T12:44:21Z","none",TRUE,FALSE
"qIopJqbzXl0","UgycfRbJmYuD7J2h7dh4AaABAg",NA,"@LeeBorger","I liked how he framed AI as transformative but also a double-edged sword. It all comes down to who‚Äôs controlling the narrative behind the algorithms.",0,"2025-08-25T12:44:29Z","2025-08-25T12:44:29Z","none",TRUE,FALSE
"qIopJqbzXl0","Ugz6yKhi7SbND6USynd4AaABAg",NA,"@ValerieFalgout","Scarcity being used by AI feels dangerous, because machines don‚Äôt have a sense of balance. They‚Äôll just keep pushing until people are exhausted.",0,"2025-08-26T08:00:23Z","2025-08-26T08:00:23Z","none",TRUE,FALSE
"qIopJqbzXl0","Ugzx4Rik7Wumnq8ZbP14AaABAg",NA,"@TiffanyMosbey-j7z","The part about consistency in messaging resonated with me. It‚Äôs amazing how predictable we humans can be once AI maps our behavior.",0,"2025-08-26T08:00:28Z","2025-08-26T08:00:28Z","none",TRUE,FALSE
NA,"Ugzx4Rik7Wumnq8ZbP14AaABAg.AMHOfXB6zmSAMHcI_R98lm","Ugzx4Rik7Wumnq8ZbP14AaABAg","@ramcaliber","Yes indeed!",0,"2025-08-26T10:08:16Z","2025-08-26T10:08:16Z","none",TRUE,TRUE
"qIopJqbzXl0","UgzcPIPe4Opyxwkftyp4AaABAg",NA,"@Brian.Slayton","I appreciate that he didn‚Äôt demonize AI but instead highlighted the responsibility of marketers. That perspective felt more balanced than the usual doom-and-gloom talks.",1,"2025-08-27T14:33:02Z","2025-08-27T14:33:02Z","none",TRUE,FALSE
"qIopJqbzXl0","UgwlY1BJn1-kLMf4L7h4AaABAg",NA,"@alishaAvila-d2t","The psychology he explained almost makes me want to audit my own buying decisions. How many of my ‚Äúchoices‚Äù were really mine?",1,"2025-08-27T14:33:11Z","2025-08-27T14:33:11Z","none",TRUE,FALSE
"qIopJqbzXl0","UgybgI4KJQevZqLZVR14AaABAg",NA,"@GeorgeScott9097","His mention of sustainability alongside AI was refreshing. It‚Äôs rare to hear marketing experts put both in the same sentence.",0,"2025-09-02T09:51:02Z","2025-09-02T09:51:02Z","none",TRUE,FALSE
"qIopJqbzXl0","UgzPGFkDIukIVMHM1cZ4AaABAg",NA,"@DonaldThompson-s8h","What struck me most is how emotions are the universal language, even in a digital world. AI just happens to be fluent in exploiting it.",1,"2025-09-02T09:51:19Z","2025-09-02T09:51:19Z","none",TRUE,FALSE
"qIopJqbzXl0","UgxWybHt0zQKIMoj4UZ4AaABAg",NA,"@KarenMoore-e2o","The reminder about ethics is so important, because without it, AI marketing could become manipulation disguised as personalization. That‚Äôs a thin line.",0,"2025-09-02T09:51:32Z","2025-09-02T09:51:32Z","none",TRUE,FALSE
"qIopJqbzXl0","UgzI8w4bMzGmvdnqvR94AaABAg",NA,"@JohnMart-l2g","I couldn‚Äôt stop thinking about the consistency principle AI makes it so easy to reinforce habits we don‚Äôt even notice forming. That‚Äôs both powerful and risky.",0,"2025-09-02T09:51:40Z","2025-09-02T09:51:40Z","none",TRUE,FALSE
"qIopJqbzXl0","Ugy6r4szWDRjKwQ-9z54AaABAg",NA,"@JosephineTaylor-k5i","Storytelling being central to AI marketing is wild. Machines are now the ones spinning the tales we use to define ourselves.",1,"2025-09-02T09:51:48Z","2025-09-02T09:51:48Z","none",TRUE,FALSE
NA,"UgzK4cPCmqbjZedBl_J4AaABAg.AM9ZGbC8PA2AMZfcquz9ZL","UgzK4cPCmqbjZedBl_J4AaABAg","@DerrickDyke-z1r","@ramcaliber True!",0,"2025-09-02T10:23:43Z","2025-09-02T10:23:43Z","none",TRUE,TRUE
"qIopJqbzXl0","Ugx6rdGdjMTJbY2_Ka94AaABAg",NA,"@Gary-v5","This made me rethink the ads I scroll past every day. They‚Äôre not just random‚Äîthey‚Äôre designed to hit my psychological triggers.",0,"2025-09-04T16:45:31Z","2025-09-04T16:45:31Z","none",TRUE,FALSE
"qIopJqbzXl0","Ugyf_XcEAjX4kqE-hWR4AaABAg",NA,"@PeterScottland","The emphasis on emotional connections reminded me that at the end of the day, marketing is about people, not products. AI just adds another layer of sophistication to that.",0,"2025-09-04T16:45:35Z","2025-09-04T16:45:35Z","none",TRUE,FALSE
"qIopJqbzXl0","UgxMt-VMVY_slwkhewR4AaABAg",NA,"@TerrenceWilson-vi5","I admire how he didn‚Äôt shy away from the darker side of AI marketing. It‚Äôs refreshing to hear an expert acknowledge both sides of the coin.",0,"2025-09-04T16:45:40Z","2025-09-04T16:45:40Z","none",TRUE,FALSE
"qIopJqbzXl0","UgzWebUO7E4wkVB3lEp4AaABAg",NA,"@Paul-q3j2r","His experience really came through when he tied psychology to technology so seamlessly. It felt less like theory and more like wisdom from the field.",0,"2025-09-04T16:45:44Z","2025-09-04T16:45:44Z","none",TRUE,FALSE
"qIopJqbzXl0","UgxMt-7Wo-cQZArbUNt4AaABAg",NA,"@RairaiGuesh","The talk made me reflect on trust do we trust the technology itself, or the people programming it? That‚Äôs probably the real question.",0,"2025-09-04T16:46:05Z","2025-09-04T16:46:05Z","none",TRUE,FALSE
NA,"UgxMt-7Wo-cQZArbUNt4AaABAg.AMeVzArPiRNAMgUdRwKpqT","UgxMt-7Wo-cQZArbUNt4AaABAg","@ramcaliber","Trust is a big question !",0,"2025-09-05T11:12:52Z","2025-09-05T11:12:52Z","none",TRUE,TRUE
NA,"UgzWebUO7E4wkVB3lEp4AaABAg.AMeVwcwSpD8AMgV0W0Urt8","UgzWebUO7E4wkVB3lEp4AaABAg","@ramcaliber","Thankyou !",0,"2025-09-05T11:16:09Z","2025-09-05T11:16:09Z","none",TRUE,TRUE
NA,"UgxMt-VMVY_slwkhewR4AaABAg.AMeVw4TXRXXAMgV3VA5hyC","UgxMt-VMVY_slwkhewR4AaABAg","@ramcaliber","Have to tell the facts exactly !",0,"2025-09-05T11:16:33Z","2025-09-05T11:16:33Z","none",TRUE,TRUE
"qIopJqbzXl0","UgxmvtGKPQoGApah6JF4AaABAg",NA,"@MarcuzK-r4m","I like how he reminded us that AI isn‚Äôt just about efficiency, it‚Äôs about responsibility. Without ethics, marketing can easily become manipulation.",0,"2025-09-09T15:50:22Z","2025-09-09T15:50:22Z","none",TRUE,FALSE
"qIopJqbzXl0","Ugx5--NlQLOxiHfS90B4AaABAg",NA,"@yourdailyreliever","His point about emotional connections being amplified by AI really hit me. It‚Äôs a reminder that tech can either deepen trust or exploit it.",0,"2025-09-09T15:50:28Z","2025-09-09T15:50:28Z","none",TRUE,FALSE
"qIopJqbzXl0","UgwEs0H9AGTPsPEKnYF4AaABAg",NA,"@SamanthaLopez-w4e","I never thought about how consistency in messaging could be abused by AI. It shows why ethical boundaries matter more than ever.",0,"2025-09-09T15:50:32Z","2025-09-09T15:50:32Z","none",TRUE,FALSE
"qIopJqbzXl0","Ugwd7XWGHOez17ezYwd4AaABAg",NA,"@MichaelRodriguez-g4d","Scarcity has always been a powerful marketing tool, but with AI it could become dangerous. I like that he‚Äôs calling for restraint, not just innovation.",0,"2025-09-09T15:50:36Z","2025-09-09T15:50:36Z","none",TRUE,FALSE
"qIopJqbzXl0","UgwGC0rNFABN8c97hNx4AaABAg",NA,"@RobertThomas-c2w","This talk made me realize how much of my buying is driven by psychology. AI just makes those levers easier to pull‚Äîethics has to balance that.",0,"2025-09-09T15:50:41Z","2025-09-09T15:50:41Z","none",TRUE,FALSE
"qIopJqbzXl0","Ugxkm9_IROhqEMUNlnF4AaABAg",NA,"@Subscribe-tou","Nooo vive Marjane Alg√©rie üòä",0,"2025-09-10T14:02:20Z","2025-09-10T14:02:20Z","none",TRUE,FALSE
"qIopJqbzXl0","UgylxfgfYvWbkUALzqx4AaABAg",NA,"@KaynBrooklyn","I love that he framed AI as a tool for empathy, not exploitation. It‚Äôs a challenge to marketers to rise to a higher standard.",0,"2025-09-11T14:59:33Z","2025-09-11T14:59:33Z","none",TRUE,FALSE
"qIopJqbzXl0","UgweWyjlz_Dn9Yqzk4N4AaABAg",NA,"@RonaldPerry-e6k","The combination of AI and storytelling is powerful. But like he said, the story should inspire, not manipulate.",0,"2025-09-11T14:59:38Z","2025-09-11T14:59:38Z","none",TRUE,FALSE
"qIopJqbzXl0","Ugy8z8RjYT6Ldbm1_ed4AaABAg",NA,"@StephenJames-f5f","His focus on social proof made me think of how easily AI could fake it. Transparency really is the only safeguard.",0,"2025-09-11T14:59:43Z","2025-09-11T14:59:43Z","none",TRUE,FALSE
"qIopJqbzXl0","UgzoY2mLA50JKS-NHIB4AaABAg",NA,"@ArvinDuncan","It‚Äôs refreshing to hear someone with experience in marketing talk about values, not just data. That‚Äôs what gives this talk weight.",0,"2025-09-11T14:59:47Z","2025-09-11T14:59:47Z","none",TRUE,FALSE
"qIopJqbzXl0","Ugz72axekNv5l945gEV4AaABAg",NA,"@ShinGilchrist","He reminded me that technology is neutral‚Äîit‚Äôs our intent that decides if it helps or harms. That‚Äôs especially true with AI marketing.",0,"2025-09-11T14:59:52Z","2025-09-11T14:59:52Z","none",TRUE,FALSE
"qIopJqbzXl0","Ugzk8U-4HbPe2Nfom3d4AaABAg",NA,"@NathanYoung-d5n","His experience across CRM and digital tools makes the warnings real. He‚Äôs not anti-tech, he‚Äôs pro-ethical tech.",0,"2025-09-16T15:57:07Z","2025-09-16T15:57:07Z","none",TRUE,FALSE
"qIopJqbzXl0","UgzIDctPkcC7kbAXJ3N4AaABAg",NA,"@BenjaminWhite-t1m","The idea that AI can predict preferences is amazing, but it also raises the question: where‚Äôs the line between serving and controlling?",0,"2025-09-16T15:57:12Z","2025-09-16T15:57:12Z","none",TRUE,FALSE
"qIopJqbzXl0","Ugz_1nazF1pYp5fbE754AaABAg",NA,"@FrankRobinson-r1r","I liked how he linked psychology with AI. It shows that understanding people is still at the heart of marketing.",0,"2025-09-16T15:57:17Z","2025-09-16T15:57:17Z","none",TRUE,FALSE
"qIopJqbzXl0","UgzRFj8WvPk2P0Rj2tR4AaABAg",NA,"@BrandonSanchez-i8x","His point about loyalty being shaped by emotions was powerful. AI just scales those emotions‚Äîethics ensures they‚Äôre genuine.",0,"2025-09-16T15:57:25Z","2025-09-16T15:57:25Z","none",TRUE,FALSE
"qIopJqbzXl0","Ugw50OJdXDBxMQiIUMF4AaABAg",NA,"@ScottHarris-t5y","It‚Äôs easy to think of AI as cold, but he showed it can actually humanize marketing if used responsibly. That‚Äôs a hopeful perspective.",0,"2025-09-16T15:57:29Z","2025-09-16T15:57:29Z","none",TRUE,FALSE
"qIopJqbzXl0","UgzahZlZzCy9264GT9J4AaABAg",NA,"@comedyshorts4ever","thank for 224 subscribe r",0,"2025-09-17T03:29:20Z","2025-09-17T03:29:20Z","none",TRUE,FALSE
"qIopJqbzXl0","UgwMMivxWSqCAc1weMZ4AaABAg",NA,"@GlenBrownlily","I love how he reminded us that scarcity tactics shouldn‚Äôt become predatory. AI can create fake urgency, and that‚Äôs where ethics must step in.",0,"2025-09-18T12:15:01Z","2025-09-18T12:15:01Z","none",TRUE,FALSE
"qIopJqbzXl0","UgxrsxgCdxjqrJ8i1cZ4AaABAg",NA,"@JamesGarcia_1","His talk made me question how many of my online ‚Äúchoices‚Äù are actually influenced by hidden nudges. That‚Äôs the scary power of AI in marketing.",0,"2025-09-18T12:15:05Z","2025-09-18T12:15:05Z","none",TRUE,FALSE
"qIopJqbzXl0","UgwV4GYUh88w6L1SUkN4AaABAg",NA,"@KentJohnson-v2n","I like that he didn‚Äôt frame AI as the villain. It‚Äôs the choices behind it that matter.",0,"2025-09-18T12:15:09Z","2025-09-18T12:15:09Z","none",TRUE,FALSE
"qIopJqbzXl0","UgwiATLZXsP9Ll2PvU14AaABAg",NA,"@CarlWilliams-k8j","His mention of consistency resonated‚Äîtrust is built slowly but can be destroyed instantly if AI crosses the line.",0,"2025-09-18T12:15:13Z","2025-09-18T12:15:13Z","none",TRUE,FALSE
"qIopJqbzXl0","UgxMZrTg-9o4oxgFoIx4AaABAg",NA,"@Elizabethjones01","It‚Äôs inspiring to hear someone in marketing call for accountability. That‚Äôs leadership we need in this space.",0,"2025-09-18T12:15:18Z","2025-09-18T12:15:18Z","none",TRUE,FALSE
"qIopJqbzXl0","Ugw-veDCCd5doYZZGtt4AaABAg",NA,"@SalahHasenIsmael","Hi",0,"2025-09-18T15:26:55Z","2025-09-18T15:26:55Z","none",TRUE,FALSE
NA,"UgwV4GYUh88w6L1SUkN4AaABAg.AND462Sl8cmAO61qzFiuyO","UgwV4GYUh88w6L1SUkN4AaABAg","@ramcaliber","Yes exactly",1,"2025-10-10T15:12:11Z","2025-10-10T15:12:11Z","none",TRUE,TRUE
"qIopJqbzXl0","UgwlhUlm0ssxRoJ-Y8d4AaABAg",NA,"@snmcntrk","That was a truly informative speech; it made me realize how important it is to be more aware of our choices. Thanks Ram!",0,"2025-10-15T05:45:52Z","2025-10-15T05:45:52Z","none",TRUE,FALSE
